prompt,image,seed
"Two individuals, a blonde woman in a dark jacket and striped shirt, and a dark-haired woman in a light-colored blouse and blue jeans, sit on steps in a public or semi-public urban space, engaged in a conversation while holding a small object, surrounded by a backdrop of a building and potted plants with other people in the background. <AUDCAP>Upbeat, rhythmic electronic dance music with a prominent beat and repetitive, sampled English vocal phrases like 'one more time' and 'lose, lose'.<ENDAUDCAP>",/cpfs01/dataset/OpenHumanVid/clips/part_008/16/78/167880012576f6f8a7ef3ea3a150d5b4,0
"In the video, two individuals are seen interacting on a narrow, historic street lined with vintage cars and European-style buildings, evoking a mid-20th-century atmosphere. A British police officer in a traditional dark blue uniform shakes hands with a man in a brown jacket and scarf. The man says, <S>as my guest.<E> After the handshake, the officer looks down while the man turns and walks away, casting a glance back at the officer and adding, <S>He seemed interested.<E> <AUDCAP>A clear, calm male voice speaks two short sentences with a conversational tone. There is a subtle, distant ambient sound that could be general street atmosphere.<ENDAUDCAP>",/cpfs01/dataset/OpenHumanVid/clips/part_014/58/3a/583a8ceee805e294f0fbad762fb60849,0
"A woman with short, wavy hair and red lipstick stands alone in a dry, grassy field under an overcast sky, wearing a teal jacket over a white blouse, a necklace, and a concerned expression. She says, <S>Yes, Mr. Jarvis, there is a cost.<E> She then adds, <S>One that I have paid for a hundred times over.<E> <AUDCAP>A clear, serious female voice speaks with a firm tone. Subtle, orchestral, and dramatic background music plays throughout.<ENDAUDCAP>",/cpfs01/dataset/OpenHumanVid/clips/part_016/0c/c4/0cc42da29cb4c5f2b4da556fa4d8744d,0
"The video captures a formal wedding ceremony in a grand church. A woman in a traditional white wedding gown with large puffed sleeves stands centrally, holding a bouquet. To her left is a man in a black suit with a bow tie. To her right, an older man in a dark coat leans on a cane. A fourth person, a priest, is partially visible behind the bride. All stand in front of a large black and white cross and ornate decorations, including a table with candles and flowers. The scene is set against a backdrop of high ceilings, intricate details, and soft lighting. A male voice says, <S>vintage of you.<E> Another male voice commands, <S>Please go, sir.<E> The woman then states, <S>You were my husband.<E> A man replies, <S>Your dear Alfie.<E> Another male voice calls out, <S>Bella.<E> And then says, <S>I'm sorry.<E> <AUDCAP>A low-pitched ambient hum is present. A male voice speaks gravely, followed by another male voice speaking assertively. A female voice speaks calmly. Then, two different male voices speak, one gently and the other apologetically. The speech is clear and distinct.<ENDAUDCAP>",/cpfs01/dataset/OpenHumanVid/clips/part_013/56/4a/564ab7616ccc16075ca8ef0ac5224ffd,0
"A mature woman with short, dark, neatly styled hair and light skin is shown in a close-up, wearing a white lab coat and geometric earrings. Her eyes are closed, and she appears pensive or melancholic, with a slight downturn to her lips. In the background, out of focus, are shelves stocked with bottles, suggesting a pharmacy or medical setting. <AUDCAP>A gentle, emotional sigh from a female voice, followed by soft, melancholic string music with a slow tempo. The overall atmosphere is somber and reflective.<ENDAUDCAP>",/cpfs01/dataset/OpenHumanVid/clips/part_015/bc/17/bc1755d5724bca692efdaba3ce588ab0,0
"A woman with dark hair, wearing a white dress, walks confidently through a modern, well-lit office with glass walls, revealing other colleagues working and a city skyline through large windows. She enters an office, where a man in a suit sits at a desk, looking at papers, with a cityscape visible in the background. The office features framed pictures and a large painting. The man looks up and says, <S>Jessica.<E> He then asks, <S>To what do I owe the honor? What can I do for you?<E> The woman approaches the desk and says, <S>Louis, I am coming to you.<E> <AUDCAP>A clear, calm male voice speaks. A confident, clear female voice speaks. The background contains subtle office ambiance with faint murmurs and the distant hum of activity.<ENDAUDCAP>",/cpfs01/dataset/OpenHumanVid/clips/part_008/4d/db/4ddbd0ce4212162c3c2583bb7b765c5b,0
"The video shows a group of individuals in orange jumpsuits engaged in intense physical training within what appears to be a prison or correctional facility, bathed in the warm, golden light of dawn or dusk. In the foreground, a shirtless man lifts weights on a bench press, with another man assisting him. Other individuals in orange jumpsuits are visible in the background, some walking, others watching or participating in exercises. A basketball hoop is visible in the background. As the training progresses, male voices are heard shouting encouragement, including the phrases: <S>Go, go, go, go, go, go! Yeah.<E> <S>Go, go, go, go, go!<E> <S>Yeah.<E> and <S>Go, go, go, go, go!<E> <AUDCAP>Multiple male voices shout encouragement with an excited and intense tone. Sounds of grunting and the clanging of weights are present, indicating physical exertion. General ambient sounds of a busy yard are also heard.<ENDAUDCAP>",/cpfs01/dataset/OpenHumanVid/clips/part_007/0b/4c/0b4c39f20e0c90799c96d6f0ee122be3,0
"The video shows a woman with short blonde hair and a man with gray hair embracing in a dimly lit, formal room with wooden paneling. A third man in a white shirt observes from behind a desk adorned with flags, including the Russian flag, in the background. They pull apart slightly but remain close, looking at each other. The man asks, <S>Would you like to lie down for a bit? Change your clothes?<E> The woman replies, <S>No, I can do that on the plane.<E> The man instructs, <S>Oh, you go straight there. We have the press conference soon.<E> The woman asserts, <S>I should be with you, Francis.<E> The man responds, <S>We have that handled.<E> The woman then states, <S>I'd like to say something.<E><AUDCAP>A male voice speaks in a calm, authoritative, and slightly concerned tone. A female voice responds with determination and a hint of weariness. Subtle, melancholic orchestral music plays softly in the background throughout the scene.<ENDAUDCAP>",/cpfs01/dataset/OpenHumanVid/clips/part_013/a6/1b/a61b7503c5484cff41e58868ee748a0f,0
"The video shows a single male figure with light skin and neatly styled hair, dressed in a light-colored collared shirt with suspenders, standing in a serene outdoor setting with a warm, late afternoon or early evening sky. He turns his head and raises his hand in a gentle wave, surrounded by an empty, natural landscape. <S>I was always<E> <AUDCAP>A gentle, melancholic orchestral score plays softly in the background. A clear, warm male voice speaks, his sentence is cut short. The overall mood is reflective and slightly poignant.<ENDAUDCAP>",/cpfs01/dataset/OpenHumanVid/clips/part_016/fb/df/fbdf0f4926a1569d29f91ace8c626189,0
"A young Asian woman, with her dark hair tied in a ponytail and bangs framing her face, smiles radiantly. She is dressed in a yellow long-sleeved top over a white turtleneck. Her right arm is extended forward, and her hand is making a gesture with her fingers curled. She looks slightly to her left (viewer's right) with a joyful expression. The background features a textured grey wall and a white rectangular panel.<AUDCAP>Gentle, melodic, and emotional instrumental music plays throughout. No speech or distinct sound effects are present.<ENDAUDCAP>",/cpfs01/dataset/OpenHumanVid/clips/part_012/f9/94/f994017e3416d1777109a684b6c6ff4f,0
"The video shows a single individual, a regal figure dressed in a black garment with gold embroidery and a golden headpiece, standing upright in a formal, indoor setting with red and blue drapery, exuding a sense of solemnity and contemplation. The character's light skin tone, styled updo, and dignified posture reinforce their high status, likely in a palace or significant hall.<AUDCAP>A low, contemplative male hum is heard, followed by dramatic, suspenseful instrumental music in the background.<ENDAUDCAP>",/cpfs01/dataset/OpenHumanVid/clips/part_009/d4/7b/d47ba9a1b2c688ba484dadf8bc9a7e0a,0
"A young woman with long, dark hair turns her head from looking away to reveal her profile as she gazes out a window. Her fair skin and contemplative expression are visible. In the blurred background, tall, modern buildings stand against a bright, light blue sky, depicting a serene urban landscape. <AUDCAP>Melancholic and serene instrumental music plays, featuring a prominent, gentle piano melody and soft, atmospheric strings.<ENDAUDCAP>",/cpfs01/dataset/OpenHumanVid/clips/part_005/fe/8b/fe8baa262f56a74fdd43b49893299c53,0
"The video shows a man in a dark jacket and white shirt gently adjusting a yellow and white patterned duvet over a sleeping person on a bed. The man is looking down with a caring expression. In the background, there's a bookshelf filled with books and some decorative items, and the room is dimly lit with warm light, including two globe-like ceiling lights. <AUDCAP>Soft, gentle instrumental music plays throughout, creating a peaceful and serene atmosphere.<ENDAUDCAP>",/cpfs01/dataset/OpenHumanVid/clips/part_014/24/5f/245f402e721d03e55808830bed9ecc21,0
"A man in a red bathrobe and black sandals stands on a wooden deck, looking towards a hot tub where another man is relaxing. He says, <S>Oh.<E> He then walks towards a bush, observing a white drone, and says, <S>Looks like someone's drone.<E> The backyard is lush with greenery, and a house with green siding is in the background. On-screen text reads 'produced by Kristy Cecil and Robinson Green'. <AUDCAP>The sound of water bubbling from the hot tub is present. A male voice speaks in a calm, conversational tone.<ENDAUDCAP>",/cpfs01/dataset/OpenHumanVid/clips/part_011/85/16/851679ec766fc6c65dcd8630adaf9d05,0
"A woman in a dark shirt and gray pants bends down to pet a shaggy black and white dog lying on a green lawn. Two other people, a woman in an orange patterned top and a man in a red patterned shirt, sit on the white wooden porch steps behind her. The woman on the lawn says, <S>Hey, Luna.<E> She stands up and says, <S>Okay.<E> then sits on the steps with the others. She asks, <S>Hey, how'd it turn out with Luke?<E> The woman in the orange top replies, <S>Oh, he got mad at me.<E> The first woman says, <S>I'm sorry.<E> The woman in orange responds, <S>No, it's so funny.<E><AUDCAP>A clear female voice speaks in a friendly, casual tone. Another female voice responds, initially with a hint of exasperation, then amusement. A third female voice expresses apology. A dog's panting and movement sounds are present. The overall audio is conversational with ambient outdoor sounds.<ENDAUDCAP>",/cpfs01/dataset/OpenHumanVid/clips/part_016/8d/2d/8d2d4d7733863804c018d9d4dae25875,0
"The video features a single woman in her thirties with blonde hair, fair skin, and glasses, dressed in a dark top with loose waves, as she sits in a dimly lit indoor setting. Her expressions shift from initial concern and contemplation to visible sadness, her eyes closing briefly before looking down. Her stillness contrasts with the quiet, subdued atmosphere surrounding her. <AUDCAP>A soft, emotional sigh is heard, followed by a mournful, instrumental musical score with strings and piano, creating a sad and reflective atmosphere.<ENDAUDCAP>",/cpfs01/dataset/OpenHumanVid/clips/part_016/8f/4a/8f4aae23cb064c0806602934d9854d06,0
"In a dimly lit room with wooden walls, a man with a short beard wearing a blue suit, white shirt, and gold chain speaks to another man wearing a brown jacket and yellow headband. The man in the suit gestures as he says, <S>You know what I spoke to Monica and Tom at the label.<E> He continues, his hand moving to his chin, and then says, <S>Single, it's not moving like they hoped.<E> The other man listens intently. <AUDCAP>Two male voices, speaking with a serious and concerned tone. Subtle hip-hop/trap music with a beat plays in the background.<ENDAUDCAP>",/cpfs01/dataset/OpenHumanVid/clips/part_008/0d/a5/0da58df9c2fbfa4871bd534f9e87628b,0
"The woman, with long dark hair and red markings on her forehead, wears a traditional red and gold outfit with red earrings and a decorative hairpiece. She stands outdoors in front of a traditional building, a tree with yellow flowers, and colorful ribbons. She brings her hands together in a gesture, and a bright, glowing, flame-like energy appears between her palms. <AUDCAP>Orchestral cinematic music with a mystical tone plays in the background. Gentle ambient sounds are present. A whooshing sound effect accompanies the woman's hand gesture, followed by a magical, glowing sound effect as a light appears between her hands.<ENDAUDCAP>",/cpfs01/dataset/OpenHumanVid/clips/part_012/54/60/54606f6501070cdb77ee6714971d654c,0
"A woman with long, reddish-brown hair, wearing a dark green V-neck sweater, sits at a wooden table, holding a white teacup with a patterned design and a matching saucer. She is looking towards someone off-camera, visible as a blurred shoulder and back of the head on the left. Behind her, a wooden chair is visible, and in the background, a warm-toned room with a kitchen area through a doorway. Her expression is thoughtful as she says, <S>Although I suppose it was a little exhilarating.<E><AUDCAP>A calm female voice speaks in a reflective and slightly amused tone. Very faint, soft string music plays in the background.<ENDAUDCAP>",/cpfs01/dataset/OpenHumanVid/clips/part_010/da/ce/dace36b42134d6746cbc475dfeec9efc,0
"A man in his twenties, wearing a casual gray t-shirt, is sitting on a bed and eating breakfast from a table in a well-furnished hotel room. He drinks from a glass and uses cutlery. A female voiceover says, <S>And though the cut's long gone.<E> The man then says, <S>No, she's selfish, is Izzy's problem.<E> The female voiceover continues, <S>The pain still lingers.<E> The man says, <S>She's not selfish. She's generous.<E> A woman with dark hair, wearing a red top and dark pants, walks into the room from the left around the 0:08 mark, as the man continues, <S>But she she's self-absorbed. You know what I mean?<E> <S>Her problem is that she doesn't see other people's perspectives.<E> The woman, gesturing with her hands, then says, <S>Hey, give me a cut.<E> The room is warmly lit, featuring a large bed, bedside lamps, a dining table with breakfast, a desk with a laptop by a large window with heavy curtains, and a couch. <AUDCAP>A calm, slightly melancholic female voice speaks in a voiceover. A male voice speaks with a slightly exasperated but steady tone. Sounds of eating with cutlery are audible, and light, non-intrusive background music plays throughout. The woman speaks in a direct tone. <ENDAUDCAP>",/cpfs01/dataset/OpenHumanVid/clips/part_014/e4/da/e4dad39b03d093e86d1e6d2c05127658,0
"A man in a green military-style jacket with red and gold insignia on the collar and a black fur-lined hat with a star emblem is shown crying, with tears visible on his face, looking distressed. In the background, another man in a similar hat and uniform is partially visible, looking down. Behind them, a brick structure is visible under a bright sky.<AUDCAP>Solemn, slightly emotional orchestral music plays.<ENDAUDCAP>",/cpfs01/dataset/OpenHumanVid/clips/part_012/b1/58/b1582b0f8d61985e07fda8dd964b4b36,0
"Two men are in what appears to be a workshop or industrial space with large windows in the background. One man, wearing a black turtleneck, is focused on a black and silver hard case placed on a wooden stand. He opens the case, closes it, and then takes out a piece of paper from it. The other man, wearing a dark jacket over a plaid shirt, stands next to him, observing. <AUDCAP>Subtle, slightly tense background music with a dramatic undertone. A distinct click sound is heard as the case closes. No speech is present.<ENDAUDCAP>",/cpfs01/dataset/OpenHumanVid/clips/part_008/f6/76/f676e2ab70c8bd9afd42e08e8d1d3dc5,0
"The video shows two individuals, a man in a light green military-style uniform with a cap and a woman in a similar uniform with a high collar and braided hair, engaged in a conversation in a dense forest or park environment. The woman has a bandage on her forehead, and both are dressed in attire suggesting a military or historical context, set against a backdrop of natural surroundings with dense foliage and daylight. <AUDCAP>Melancholic and reflective orchestral background music with prominent strings and piano.<ENDAUDCAP>",/cpfs01/dataset/OpenHumanVid/clips/part_001/49/0b/490b7e48015a6ab64ed0ffbbfe0ec1bc,0
"The video shows a single woman, with long, dark hair and a light skin tone, lying in a private hospital room, wearing a pink hospital gown with small white dots, as she rests on her side with a relaxed posture. The room is dimly lit, with a soft, natural light, and features a metal-framed hospital bed and a white curtain, creating a serene atmosphere. She says, <S>The little boy who once only needed his mommy.<E> <AUDCAP>A clear, gentle female voice speaking with a reflective and slightly melancholic tone. Soft, acoustic guitar music plays throughout, creating a serene and emotional atmosphere.<ENDAUDCAP>",/cpfs01/dataset/OpenHumanVid/clips/part_009/98/74/98747031282cc182a59f0362270b6f90,0
"A woman, wearing a brown coat and patterned scarf, initially covers her mouth, then slowly lowers the scarf, revealing a smile and then a contemplative expression as she looks up. A male narrator speaks, <S>life.<E> She continues to look upwards with a thoughtful gaze. The narrator adds, <S>She felt awake.<E> She then turns and walks away as the narrator concludes, <S>Just like that.<E> The scene is a hazy, debris-strewn urban street with abandoned cars and buildings, lit by shafts of light cutting through the atmosphere. <AUDCAP>A calm, clear male voice narrates with a reflective tone. Melancholic, dramatic orchestral music featuring strings and piano plays throughout.<ENDAUDCAP>",/cpfs01/dataset/OpenHumanVid/clips/part_006/1e/95/1e954cd1b97a278b35ab29c782c685a2,0
"In the dimly lit, sophisticated room, two individuals engage in a calm and serious conversation: a middle-aged man with a bald head and dark clothing, seated in a white armchair, and a person with dark hair and a dark suit, seated on a low stool, leaning forward with clasped hands. <S>Thanks for meeting with me, Stan. I know it's late.<E> <S>But it's about my wedding.<E> <S>Ah. I see.<E> <S>What is it?<E> <AUDCAP>Two distinct male voices engage in a calm, serious conversation. One voice is slightly lower in pitch with a somber tone, while the other is composed and questioning. A very subtle, quiet room ambience is present in the background.<ENDAUDCAP>",/cpfs01/dataset/OpenHumanVid/clips/part_003/7d/e2/7de2d2468b7969b8cc8aaad1e5cdd391,0
"A heavy-set man lies lifelessly on a grand bed, dressed in a white t-shirt and shorts. He is surrounded by an abundance of half-eaten meals and desserts, spread across bedside tables and a multi-tiered serving cart. The room is dimly lit, with ornate furniture and a patterned carpet creating a somber atmosphere. A voice states, <S>You've been dead for hours.<E> The voice continues, <S>You need a coroner, not an osteopath.<E> <AUDCAP>Melancholic instrumental music featuring strings and piano plays softly. A calm, matter-of-fact male voice speaks.<ENDAUDCAP>",/cpfs01/dataset/OpenHumanVid/clips/part_010/39/d5/39d5fdd9a3857aa787b812c88823b7e2,0
"The video shows a single person, dressed in a uniform with a white hat featuring a black band, standing upright with a neutral expression in a dimly lit, indoor setting. The individual's light skin tone and obscured hair color are set against a subdued background, exuding a calm and still atmosphere. <AUDCAP>Somber, dramatic string music, possibly a cello, plays throughout.<ENDAUDCAP>",/cpfs01/dataset/OpenHumanVid/clips/part_009/85/1c/851c1af02aba3351c0f00fdfd4809f77,0
"The video captures a lively wedding ceremony. The bride, in a traditional red bridal outfit, and the groom, wearing a cream sherwani and red turban, are seen exchanging garlands and smiling as flower petals fall. Guests, dressed in vibrant traditional attire including a man in a golden kurta and orange turban, are visible smiling in a beautifully decorated setting with floral arrangements and golden hangings. A male voice says, <S>Meet for each other.<E> <AUDCAP>Upbeat, celebratory Indian wedding music plays throughout, featuring traditional instruments and a festive rhythm. Sounds of people cheering and light ambient chatter are present, followed by a clear, calm male voice.<ENDAUDCAP>",/cpfs01/dataset/OpenHumanVid/clips/part_008/56/1e/561eee00636e8c9a0aef9f2edd90fe9d,0
"A man in a blue suit jacket and white t-shirt holds a black umbrella over himself and a woman with short brown hair, who is wearing a black sleeveless vest over a white t-shirt. She looks forward with a serious expression. To their right, a woman with short dark hair, wearing a yellow collared shirt, looks down. The man then slightly lowers the umbrella and turns his head. <AUDCAP>Soft, gentle instrumental music plays, accompanied by the sound of subtle rain falling. No speech is present.<ENDAUDCAP>",/cpfs01/dataset/OpenHumanVid/clips/part_009/14/6c/146c6eea352313b413f086a7266eb8e2,0
"The video shows a single middle-aged man in a dark suit, light-colored shirt, and dark tie, engaged in a serious conversation or listening intently in a formal setting, likely an office or courtroom, with wooden paneling and a flag in the background. He has a light skin tone, neatly styled hair, and a serious expression, with minimal movements suggesting he is fully focused on the conversation. <AUDCAP>Dramatic, tense orchestral music plays with a sustained, slightly melancholic melody.<ENDAUDCAP>",/cpfs01/dataset/OpenHumanVid/clips/part_013/7e/de/7ede9656dca25c821befe0bf4685e618,0
"The video shows a young girl in her early teens sitting on a bed in a child's bedroom. She wears a pink floral nightgown and has her hands clasped. An adult woman, dressed in a dark blue scarf and gray top, walks towards and sits beside her on the bed. The bedroom is decorated with a floral and butterfly theme, creating a calm and intimate atmosphere, with various decorative items and an open door visible. <AUDCAP>Gentle, melancholic instrumental music plays throughout.<ENDAUDCAP>",/cpfs01/dataset/OpenHumanVid/clips/part_013/a4/db/a4dba4a75562888f2149b1113eacd537,0
"A close-up shot features a man of East Asian descent, wearing a light brown military-style cap adorned with a red star emblem and a khaki uniform with blue and gold collar tabs. His expression is serious and contemplative, with a hint of sadness. The background is softly blurred, showing green foliage and a natural earth or rock wall. <AUDCAP>Melancholic, emotional instrumental music, likely played on string instruments, is present throughout.<ENDAUDCAP>",/cpfs01/dataset/OpenHumanVid/clips/part_012/7b/15/7b15a7b48ca91ed0802fbb8205807305,0
"The video shows a single person, a woman with long, straight brown hair and light skin, standing outdoors in a calm, possibly urban environment with natural elements, wearing a white turtleneck and light-colored coat. She stands upright, engaged in a conversation or listening intently, her facial expression and slight head tilt suggesting deep focus amidst a blurred background of a reddish-brown wall and greenery. <AUDCAP>A calm, slightly melancholic instrumental music plays in the background, featuring strings and piano. There is no speech.<ENDAUDCAP>",/cpfs01/dataset/OpenHumanVid/clips/part_014/6f/fb/6ffbf13cc32af2fd904cfd1f43f234c4,0
"The video shows a single male figure, a man in his forties with short, dark hair and fair skin, dressed in a professional outfit consisting of a brown coat, white shirt, and dark tie, standing still in a dimly lit, blurred indoor setting that appears to be an office or similar environment. He says, <S>I think it's time for me to move on.<E> <AUDCAP>A male voice speaks with a slightly solemn and resigned tone. There is subtle, melancholic background music with string instrumentation.<ENDAUDCAP>",/cpfs01/dataset/OpenHumanVid/clips/part_015/42/55/4255f672da10e8c98202fd45f4bc2b23,0
"In a well-lit gymnasium with a polished wooden floor, a dark-haired boy in a white t-shirt with a blue-trimmed collar stands in the foreground, gesturing with a friendly expression as he speaks to two girls. One girl has curly brown hair, and the other has dark hair with blue highlights. In the background, other animated children are seen playing basketball and moving around the gym, which features bleachers and mats. The boy says, <S>So, uh, the school play. I hear they're looking for people.<E> <AUDCAP>A youthful male voice speaks with a friendly and enthusiastic tone, starting with slight hesitation. Background sounds include faint dribbling of a basketball, general gym ambient noise, and light, upbeat background music.<ENDAUDCAP>",/cpfs01/dataset/OpenHumanVid/clips/part_009/b9/75/b975ba7ecae7d242e5b871be1b73d8a7,0
"The video opens with a man with long, curly dark hair and a beard, wearing a white t-shirt with 'HUMANE SOCIETY' printed on it, holding a small black and tan chihuahua. The dog has its mouth open as if barking or panting happily. The man smiles down at the dog. The background is slightly blurred, showing the words 'HUMANE SOCIETY' above an arched entrance. A faint, ghostly overlay of other scenes flickers over this image. The scene then transitions to the same man, now wearing a plaid shirt, standing with a group of children and a person in a full yellow chicken costume at what appears to be a zoo or animal enclosure. An elephant is visible in the background, along with green foliage and a mountainous landscape. The children wear yellow hats with red chicken combs and some have 'Mr. Cluck's House For Children' t-shirts. A sign in the background reads 'DONATED BY Mr. Cluck's'. The man says, <S>Hugo, and giving became synonymous.<E> <AUDCAP>A calm, clear male voice narrates over a gentle, hopeful instrumental musical piece featuring strings and piano, creating an uplifting atmosphere.<ENDAUDCAP>",/cpfs01/dataset/OpenHumanVid/clips/part_006/47/06/470631b98a1c6195bd49eca3e9dead6b,0
"The video features a single woman, dressed in a traditional, light blue embroidered robe with a V-neckline, with long, dark hair styled in an elegant updo and a tiara, as she moves through a serene, dimly lit indoor setting with wooden doors and lanterns before transitioning to a darker outdoor environment. <AUDCAP>Gentle, melancholic traditional Chinese instrumental music featuring a string instrument, possibly a Guzheng, and a flute, with a slow, contemplative melody.<ENDAUDCAP>",/cpfs01/dataset/OpenHumanVid/clips/part_001/e0/cb/e0cb45a8c4c9adbf1a76bb3d73934ea2,0
"A woman with red hair, wearing a striped top, grey cardigan, and headphones, stands holding a yellow notepad in front of a microphone. A man, wearing a striped brown shirt, jeans, and headphones, stands next to her, looking at her intently. They appear to be in a home recording studio with musical instruments visible around them. The woman says, <S>Oh, I'm getting fairly nervous.<E> The man replies, <S>You'll be fine. You just use your normal nice voice that I've heard so much of in the last three days.<E> The woman then states, <S>It's like, uh, my throat's closing up. It's like, uh, enough.<E> <AUDCAP>A female voice speaks with a slightly anxious and then a slightly frustrated tone. A male voice speaks with a calm and encouraging tone. Gentle, ambient music featuring a piano plays softly in the background.<ENDAUDCAP>",/cpfs01/dataset/OpenHumanVid/clips/part_016/9a/06/9a067a4f615096b9dc39460d4a497b0b,0
"The scene is set in a modern, well-lit interior, likely a hotel suite, with a large television and decorative wooden paneling. A man in a dark suit jacket and a patterned shirt walks through an open doorway, followed by another man in a dark suit. A woman in a black suit jacket and pants stands near the doorway, saying, <S>Welcome.<E> The man in the patterned shirt replies, <S>Welcome.<E> Another voice then says, <S>Thank you.<E> Further down a brightly lit hallway, two more women are visible. <AUDCAP>A clear, welcoming female voice, followed by a clear, welcoming male voice, and then a polite male voice expressing gratitude. The overall sound environment is quiet, with a subtle ambient hum.<ENDAUDCAP>",/cpfs01/dataset/OpenHumanVid/clips/part_001/ff/86/ff8692a7c2c6a783a245910bfaa891d2,0
"The video captures a dynamic urban street scene with around 7-8 people, including a woman in her thirties walking her medium-sized German Shepherd mix on a leash, dressed in a black leather jacket and dark hair, as they navigate through a bustling city street lined with festive decorations and a stone structure with the address '100-136 W. 49th St.' in the background. The scene is set against a cool but not cold daytime atmosphere, with people in various attire, including coats and jackets, moving in different directions amidst the lively and busy environment. She says, <S>really time.<E> <AUDCAP>A clear female voice speaks in a calm, slightly low tone. Ambient sounds of a busy city street, including indistinct chatter and general pedestrian movement, are present in the background.<ENDAUDCAP>",/cpfs01/dataset/OpenHumanVid/clips/part_004/e9/87/e987346827b3a72895a1c8cfdd0975f8,0
"The video displays a softly lit scene with a textured, watercolor-like background and subtle sparkles. On the left, a man with dark hair and fair skin, wearing a dark jacket, sits at a table, looking downwards. Across from him, a woman with light brown hair, wearing a light-colored top, sits with an upright posture, looking slightly to her right. The table is set with plates, glasses, and a bottle. On the right, a second woman with long dark hair and fair skin, wearing a dark coat, stands in the foreground, looking directly at the viewer with a somber expression. A faded, transparent figure of a man is partially visible in the right background.<AUDCAP>Gentle, emotional instrumental music, featuring piano and strings, creating a reflective and somewhat melancholic atmosphere.<ENDAUDCAP>",/cpfs01/dataset/OpenHumanVid/clips/part_012/04/5d/045d3ed976062e106ee092efbddf9534,0
"In the dimly lit room, a single person, dressed in a dark-colored blazer, is intently applying lipstick in front of a mirror, illuminated by a soft lamp. The tranquil atmosphere is enhanced by a nearby floral arrangement, creating an intimate setting for personal grooming. <AUDCAP>Calm, slightly dramatic background music featuring piano and strings.<ENDAUDCAP>",/cpfs01/dataset/OpenHumanVid/clips/part_014/11/6a/116a2c675103c07161fe91d7daa17bf3,0
"A woman with fair skin and dark hair, wearing a dark coat, a purplish-red brimmed hat, and a gold-patterned collar, sits in a vintage vehicle. She looks contemplatively to her right, as if gazing out a window, with reflections visible on the glass. She says, <S>This is it.<E> <AUDCAP>Orchestral music with strings and brass plays a somber, reflective melody. A subtle background vehicle hum is present. A clear, calm female voice speaks.<ENDAUDCAP>",/cpfs01/dataset/OpenHumanVid/clips/part_003/6e/bb/6ebb31e3b4004a052435e970c49049a1,0
"A woman in a dark-colored dress sits on a beige sofa, holding a glass. A man in a red sweater and blue jeans stands near her, holding a striped item of clothing. He says, <S>haven't even gotten the fractal shit.<E> He continues, <S>Goddamn hopeless youth of America.<E> The woman responds, <S>Well, you're the one who wanted to make a difference, remember?<E> The man then says, <S>Hey, fools rush in.<E> He then asks, <S>Where's Jonathan?<E> The cozy living room is warmly lit, with a chandelier and a side table lamp, and a dining area is visible through an open doorway in the background.<AUDCAP>A deep male voice speaks with exasperation and then an amused, rhetorical tone. A clear female voice responds with a calm and slightly playful tone. Ambient room sounds and faint clinking of bottles are present.<ENDAUDCAP>",/cpfs01/dataset/OpenHumanVid/clips/part_001/f3/55/f355e5e86b13a8c0698f704b27127688,0
"A wooden puppet with dark hair, glasses, and a blue shirt is in the foreground, turning from facing right to looking left. In the background, through a doorway, a man in a dark suit is partially visible on the left. The room beyond features patterned wallpaper, a yellow couch, a painting of a beach with a Fanta can, and a lamp. To the right, a clothes rack holds various garments. <S>Is there light reflecting off the skin?<E> <S>Or is there none?<E> <S>Yeah.<E> <AUDCAP>A calm, inquisitive male voice speaks clearly. Gentle, upbeat orchestral music plays in the background.<ENDAUDCAP>",/cpfs01/dataset/OpenHumanVid/clips/part_009/70/60/7060e9c9c60252a4de5290175a254010,0
"A person, dressed in a purple garment, is seen from the waist up, holding a framed drawing of a woman in traditional attire with both hands. The scene is dimly lit, with an ornate, dark structure featuring intricate carvings and Chinese characters behind the drawing. A warm glow from a nearby lamp illuminates the area. The individual appears to be in quiet contemplation, contributing to a serene atmosphere. <AUDCAP>Melancholic instrumental music plays softly in the background.<ENDAUDCAP>",/cpfs01/dataset/OpenHumanVid/clips/part_011/e8/1f/e81f35afbdeadf141556606f1e78dd31,0
"A woman, dressed in a traditional Chinese-style garment, with her dark hair styled in an elegant updo and a side braid, looks downwards with a sorrowful and contemplative expression, her eyes appearing moist. The background is softly lit and blurred. <AUDCAP>Sad, emotional orchestral music plays.<ENDAUDCAP>",/cpfs01/dataset/OpenHumanVid/clips/part_009/39/83/3983849d6fb8e79055914fa7ce4bbbd6,0
"A woman in her thirties with reddish-brown hair and bangs, wearing a white blouse and dark cardigan, sits at a desk. She writes with a pen, then stops, places her hand over her eyes, and appears distressed. A coffee cup sits next to her. A person with curly hair is partially visible on the right. In the background, there is a bookshelf, a potted plant, and a window with blinds. <AUDCAP>A soft, continuous, and slightly melancholic ambient sound or background music is heard. The distinct sound of a pen writing is also present.<ENDAUDCAP>",/cpfs01/dataset/OpenHumanVid/clips/part_007/8e/63/8e63a32283df6790966ddc37075104b7,0
"The video shows a sequence of scenes. Initially, a man in a white hoodie and light pants walks alongside a woman in a blazer and dark pants on a sidewalk, with a black Audi A6 sedan parked in the background. Subsequently, the same man and woman are seen walking along a pier that extends into a calm, sparkling ocean under a clear sky. In the final shot, they stand by the pier's railing, with the woman taking a sip from a bottle, both looking out at the sea. Chinese credits and song lyrics are overlaid throughout the scenes. <AUDCAP>Uplifting pop music plays continuously with a male vocalist singing in Chinese. The music features a prominent melody, steady rhythm, and electronic instrumentation.<ENDAUDCAP>",/cpfs01/dataset/OpenHumanVid/clips/part_007/9c/bb/9cbb5c93a2fdbf7865c6609082e21bdf,0
"A smartphone screen displays an elderly man with white hair, glasses, a brown cardigan, white shirt, and striped tie. His expression changes subtly from a slight smile to a more serious look, then he glances downwards. The background on the phone is a vibrant pink with indistinct, swirling forms. The phone is held by a yellow, claw-like stand, placed in a dimly lit room with laboratory-style equipment, including a lamp and glass tubes. The man on the screen says, <S>But if you truly love,<E> He then says, <S>Billy Wolfrum.<E> He continues, <S>I'll tell you exactly what you need to do to make sure he loves you back.<E><AUDCAP>A calm, elderly male voice with a deliberate, slightly gravelly tone speaks over a gentle, atmospheric background music featuring shimmering, bell-like sounds and a melancholic quality.<ENDAUDCAP>",/cpfs01/dataset/OpenHumanVid/clips/part_011/4f/47/4f4717636fe4d25de597e62a190e59ca,0
"The video shows a lone man, dressed in a brown tunic and vest, standing in a rustic outdoor setting with a contemplative expression, surrounded by several lifeless figures lying on the ground in the background. The scene is set amidst a serene landscape of green grass and scattered rocks, with wooden structures and tools visible, evoking a sense of a historical or survivalist context. <AUDCAP>Subtle, melancholic string music plays throughout the scene.<ENDAUDCAP>",/cpfs01/dataset/OpenHumanVid/clips/part_015/df/3e/df3e78498909b74fabf4180f3d44f800,0
"The video captures a serene suburban street scene with three people standing on the sidewalk, observing a vintage green car parked on the street, while two individuals inside engage in conversation. The three onlookers, a scientist-like figure with spiky blue hair in a white lab coat, a person with orange hair in a pink top and white pants, and a person with brown hair in a yellow top and white pants, stand still amidst a peaceful neighborhood with colorful houses and lush greenery. A male voice states, <S>Not a single thing.<E><AUDCAP>A car engine starts, followed by the sound of a car driving past. A male voice speaks with a slightly exasperated and declarative tone.<ENDAUDCAP>",/cpfs01/dataset/OpenHumanVid/clips/part_012/d8/d1/d8d1fa614da73c02087e8fc0d5aeb413,0
"The video shows two individuals, a male driver and a female passenger, sitting calmly in a dimly lit car at night. The driver, wearing a light-colored shirt and glasses, looks towards the passenger. The passenger, partially visible in a white lace top, looks down, seemingly focused on something in her hands or lap. The car has dark upholstery and a red roof trim. <AUDCAP>Quiet, dramatic instrumental music with prominent piano and string arrangements, creating a slightly melancholic atmosphere.<ENDAUDCAP>",/cpfs01/dataset/OpenHumanVid/clips/part_015/1d/a7/1da75892cc9ab238ddefc0152fe86ca1,0
"Two men in dark suits, white shirts, and patterned ties are in a dimly lit room with an East Asian-inspired background, creating a serious and tense atmosphere. The seated man, middle-aged with short dark hair, looks forward with a serious, thoughtful expression. Behind him, another man, possibly younger, leans forward intently, clasping his hands and appearing to speak to or whisper something to the seated man. <AUDCAP>A low, suspenseful electronic drone with subtle rhythmic elements plays, creating a tense and serious atmosphere.<ENDAUDCAP>",/cpfs01/dataset/OpenHumanVid/clips/part_004/30/20/30208d4e8589aed9590f36578c097f01,0
"On a stylized golf course with green grass and pink sand traps, a woman in a white visor, argyle vest, and white pants holds a golf club. A man in a matching argyle vest and yellow pants stands behind her, guiding her, and states, <S>sports ever.<E> <S>Here.<E> He continues, <S>Let me show you.<E> The scene transitions to a tennis court. A woman in a white tennis dress and headband holds a racket, smiling, next to a man in a white polo and headband. They smile and then hug. The man says, <S>Here.<E> <S>Let me show you.<E> The scene then changes to a baseball field. A woman in a pink baseball cap and pinstripe uniform holds a baseball bat. A man in a matching pinstripe uniform stands behind her, guiding her swing, saying, <S>Here.<E> <S>Let me show you.<E> All scenes are set against a backdrop of painted mountains and palm trees under a blue sky, giving a desert-like feel. <AUDCAP>A clear, instructional male voice is heard across the scenes. Upbeat, energetic synth-pop background music with a driving beat plays continuously.<ENDAUDCAP>",/cpfs01/dataset/OpenHumanVid/clips/part_005/86/10/861087c7211ae99397f7a90a7ff184ac,0
"The video shows a young man with curly light brown hair and fair skin, dressed in a dark coat and green scarf, looking distraught and crying in a dimly lit stadium. He looks up, then down, then towards the viewer, with tears on his face. He says, <S>I thought, hey.<E> He then adds, <S>What a way to spend the day.<E> <AUDCAP>A solemn, melancholic piano piece plays throughout. A male voice, emotional and tearful, speaks clearly with a sad tone.<ENDAUDCAP>",/cpfs01/dataset/OpenHumanVid/clips/part_016/65/cc/65cca7bcda4cb382d3cdade08ce5d208,0
"A warrior, clad in ornate traditional Chinese armor and a helmet adorned with red plumes, looks down with a solemn expression, his face smudged with dirt and possibly blood. The background reveals a blurred scene with greenery on the left and a burning structure with visible flames on the right. <AUDCAP>Slow, melancholic orchestral music featuring strings creates a somber atmosphere. There is no speech or distinct sound effects.<ENDAUDCAP>",/cpfs01/dataset/OpenHumanVid/clips/part_010/ea/da/eadab27ff205dae9806333c2e7ed528e,0
"The video shows a young woman in her twenties, with long dark hair and fair skin, wearing a green jacket and plaid shirt, adjusting her jacket and holding a white cloth or bag in a wooded area with soft, diffused lighting. She is alone in the scene, surrounded by trees and shrubs in a likely park or rural setting. <AUDCAP>Gentle, melancholic string music plays throughout. A bird chirps in the background.<ENDAUDCAP>",/cpfs01/dataset/OpenHumanVid/clips/part_003/4d/17/4d17c311c597b6fdfd69fcb1f7dd3291,0
"A boy in a plaid shirt sits, unwrapping a gift to reveal a 'Pregnancy Test' box. A woman in a grey and black dress sits beside him, looking down at her lap, seemingly adjusting her clothing. Behind them, a man in a striped polo shirt stands with his arms crossed, looking distressed. The room is decorated with red, yellow, and grey balloons, and a 'BIRTHDAY' banner is visible in the background. <S>I gotta listen to myself, yeah.<E> <S>I'm tired of fixing things for Michael.<E> <AUDCAP>A male vocalist sings melancholic, thoughtful lyrics over gentle, acoustic folk music featuring guitar and drums.<ENDAUDCAP>",/cpfs01/dataset/OpenHumanVid/clips/part_012/3a/bb/3abbd520a47e7e98a840efac23066ab8,0
"The video captures a tender moment between a couple, consisting of two people, as they share a loving glance in a bright and festive setting. The woman, dressed in a white wedding dress and veil, and the man, wearing a white suit with a black bow tie and a pink boutonniere, are surrounded by a beautiful floral arch, exuding elegance and joy. <AUDCAP>Uplifting, orchestral celebratory music plays in the background, accompanied by the sound of applause.<ENDAUDCAP>",/cpfs01/dataset/OpenHumanVid/clips/part_012/93/00/9300c533faa1723f0ebe8ab13c71865d,0
"The video shows a young man, possibly in his twenties, with short, styled brown hair, standing in an indoor setting with muted green walls. He wears a black zip-up jacket over a light-colored, patterned button-up shirt (the pattern appears to be birds), and an ID badge with the word 'INTERN' is clipped to his jacket. He looks towards someone off-camera, whose back is partially visible. He says, <S>I should see the world while I can.<E> He then adds, <S>Booth disagrees.<E> <AUDCAP>A clear, calm male voice speaks with a slightly serious tone. Subtle, somewhat melancholic instrumental background music is present throughout.<ENDAUDCAP>",/cpfs01/dataset/OpenHumanVid/clips/part_010/86/5d/865d84a53b0c6ae638d9d4b76d912328,0
"The video shows two individuals: an older man with disheveled dark hair, glasses, and a worn gray t-shirt, and a younger man with short dark hair, dressed in a greenish-brown jacket over a white t-shirt and a necklace. They are standing in a dimly lit outdoor setting with blurred metal structures and a chain-link fence in the background. The older man initially looks down, then up with a contemplative expression, appearing somewhat weary, and finally looks down again, stating, <S>Sir.<E> The younger man stands slightly behind him, looking down. <AUDCAP>Dramatic, melancholic instrumental music plays throughout. A male voice speaks a single word with a weary tone.<ENDAUDCAP>",/cpfs01/dataset/OpenHumanVid/clips/part_006/38/41/3841baec62b0643b9b6768ffbd3a3b42,0
"A ruggedly bearded man with curly hair and a weary expression, showing dark circles and fatigue-lined eyes, sits in a dimly lit interior space with a rough stone or brick wall. He wears a worn, simple garment. He looks towards the right and speaks: <S>that I got to spend so much time with James and Lily, and you so little.<E> <S>But know this.<E> <S>The ones that love us never really leave us.<E> <S>And you can always find<E> <AUDCAP>A calm and emotional male voice speaks English. Subtle, melancholic orchestral music plays in the background.<ENDAUDCAP>",/cpfs01/dataset/OpenHumanVid/clips/part_013/c8/5d/c85ddd6be6b64981e652a3eb9af712a9,0
"The video shows two individuals, a man and a woman, seated in a vintage car, dressed in attire from the early 20th century. The man is on the left, wearing a brown fedora and a suit, while the woman is on the right, wearing a maroon cloche hat. Both wear brown leather gloves, and their hands are on the steering wheel. The woman, in the driver's seat, looks forward with a pensive expression and says, <S>which I have a sneaking fear I may regret. For a long time to come.<E> The man also looks forward, appearing contemplative. The scene is set outdoors, with a building in the background and a daytime setting. <AUDCAP>A clear, thoughtful female voice speaks with a slightly serious tone. The sound of a vintage car engine cranking and starting is heard, accompanied by a somber, orchestral string piece with a melancholic melody.<ENDAUDCAP>",/cpfs01/dataset/OpenHumanVid/clips/part_013/a4/af/a4af672ca89c90324503bfe6d686699e,0
"A young man in his twenties, with short, dark hair and light skin, wearing a brown shirt, is shown in a close-up. He initially looks down with a contemplative and concerned expression, his brow furrowed. He then looks up, his eyes visibly tearing up as he asks, <S>Why didn't I get it?<E> <AUDCAP>A young male voice is heard, speaking with a sad, tearful, and questioning tone. Gentle, melancholic background music plays throughout.<ENDAUDCAP>",/cpfs01/dataset/OpenHumanVid/clips/part_013/ee/34/ee3400c1b8c4a45b513c2151d72c6618,0
"The video shows two individuals, both clad in dark, biomechanical armored suits, in a dimly lit industrial setting with metallic walls and equipment. One character, crouched against a control panel with a pool of blood nearby, appears to be assessing the aftermath of a violent encounter. This character groans and gasps in pain, then says, <S>Oyaji tachi wa<E> The other character stands in the foreground, facing them with an ominous presence. <AUDCAP>A male voice is heard groaning, gasping, and grunting in pain, followed by a male voice speaking in Japanese with a strained, pained tone. Subtle ambient sounds are present.<ENDAUDCAP>",/cpfs01/dataset/OpenHumanVid/clips/part_011/f1/1e/f11e798d41278ca5675b01b2f6725fbd,0
"The video shows a middle-aged woman with gray, curly hair, seated in a black office chair. She is wearing a dark blue blazer over a lighter blue collared shirt. Initially, she looks down, then slowly lifts her head to look directly up at the camera, her expression shifting to a subtle, gentle smile. <AUDCAP>Soft, emotional background music plays with a slight percussive element. A gentle female sigh or exhale is heard, followed by another soft, non-verbal vocalization.<ENDAUDCAP>",/cpfs01/dataset/OpenHumanVid/clips/part_011/3b/d5/3bd5661ecdd4adfe145045b64833aa3c,0
"A fair-skinned woman with blonde, shoulder-length hair and bangs, wearing a white lab coat over a blue scrub top, looks down with a serious and contemplative expression. The background is blurred, showing another person on the left and vertical blinds on the right, indicating an indoor, professional setting. A male voice says, <S>You apologize to that dying person.<E> <AUDCAP>A male voice speaks with a firm, serious, and slightly gravelly tone. Background music featuring a melancholic piano and atmospheric synth creates a somber and reflective mood.<ENDAUDCAP>",/cpfs01/dataset/OpenHumanVid/clips/part_010/57/fc/57fc99b680c77e72eb5f7d29cf9b1416,0
"Two men, dressed in black fedora hats, dark suits, white shirts, and ties, are in a dimly lit, vintage-style room. The man on the left is seen in profile, looking to the right with a serious expression. The man on the right, fully visible from the chest up, initially looks to the left with a concerned expression, then lowers his gaze. A warm lamp light illuminates the background. The atmosphere is tense and serious. <AUDCAP>Dramatic, suspenseful orchestral music plays, building a sense of tension.<ENDAUDCAP>",/cpfs01/dataset/OpenHumanVid/clips/part_016/2c/7f/2c7f30e2bdf14974585f96b4950ecf72,0
"A man with dark hair, wearing a light blue long-sleeved shirt and light blue shorts, stands barefoot in a large tub or bucket in a vintage-style bathroom with green and brown tiles. He holds onto a metal bar above him with both hands, stretching his arms up. A toilet and sink are visible to his left. Sunlight illuminates the scene. The camera then focuses on several dark garments hanging on the same bar, bathed in bright sunlight with lens flares, against a blurred background of green and brown tones. <AUDCAP>Upbeat and cheerful background music with a rhythmic pop or folk-pop style plays throughout the video.<ENDAUDCAP>",/cpfs01/dataset/OpenHumanVid/clips/part_011/a6/ce/a6ceccd3877de247d54bb4f169db1f56,0
"A woman with shoulder-length brown hair and green eyes is seen in a series of close-ups, her expressions shifting from intense focus to distress as she looks off-camera, set against a blurred outdoor background that could be a forest or wooded area. She wears a casual outfit, likely suitable for hiking or outdoor activities, and her features are the focal point of the shot. <S>Because all I have are my memories.<E> <S>And I don't want to remember Glenn like that.<E> <AUDCAP>A female voice speaks with a sad and emotional tone. Subtle, somber, emotional string music plays throughout the scene.<ENDAUDCAP>",/cpfs01/dataset/OpenHumanVid/clips/part_012/14/00/14000e8b7fef07d9b43b3515fe97ed32,0
"In a cozy, well-decorated room, a family of three is present. The adult male, in a light-colored cardigan and glasses, shakes hands with the adult female, dressed in a green cardigan and patterned dress. He then moves to a desk, handling papers, while a young girl with dark hair and a striped top sits nearby. The adult female stands by the desk, holding a piece of paper. <AUDCAP>Soft, melancholic piano music plays throughout.<ENDAUDCAP>",/cpfs01/dataset/OpenHumanVid/clips/part_015/a8/04/a8048774ce0b959f40efd69bf2817c8c,0
"The video shows three people in traditional East Asian attire, standing in a dimly lit, historically-ambiance setting with lanterns, surrounded by potted plants and traditional furniture. The central figure, dressed in a white robe and headpiece, stands poised in the foreground, while two others in matching robes stand respectfully in the background, awaiting or contemplating something. <AUDCAP>Serene, traditional East Asian instrumental music plays in the background, featuring string instruments and a slow tempo.<ENDAUDCAP>",/cpfs01/dataset/OpenHumanVid/clips/part_005/bf/fd/bffd5653622881969304891cb79c55f5,0
"The video shows two women in a fantastical outdoor setting with numerous pink and purple trees. The woman in the foreground has fair skin and long dark hair styled into two high pigtails with braids and white flower accessories. She wears a light pink sheer traditional costume adorned with subtle floral patterns, and she gazes downwards with a contemplative or saddened expression, resting her chin on her hand. The second woman, seen from behind and out of focus, wears a dark blue traditional or historical costume with a floral headpiece. They appear to be in a moment of quiet introspection. <AUDCAP>Gentle, ethereal background music with a soft melody and atmospheric sounds.<ENDAUDCAP>",/cpfs01/dataset/OpenHumanVid/clips/part_012/f3/0a/f30a570667130ce02b5b2fe2f3e4a14c,0
"The video captures a serene and intimate moment from a traditional wedding ceremony, featuring a bride and groom in elaborate attire, surrounded by several attendants in green and white robes, set against the backdrop of a historic palace or ceremonial hall with ornate statues and banners. The bride, adorned in a red veil with gold embroidery and a golden headpiece, and the groom, dressed in a light blue robe with a golden crown, share a tender moment in a close embrace, exuding a sense of solemnity and joy. <AUDCAP>Dramatic, orchestral music with string and wind instruments builds in intensity, creating a solemn and emotional atmosphere.<ENDAUDCAP>",/cpfs01/dataset/OpenHumanVid/clips/part_014/ba/c3/bac379bd6a9ba4af4a203f47684b2488,0
"A woman with dark hair, styled in a low, loose ponytail, wears a pink polka-dotted collared pajama-style shirt. She looks off-camera to the right with a somber, reflective expression. Behind her, a white padded headboard or paneling is visible, along with a framed picture on a light grey wall. <AUDCAP>Melancholic, reflective string music with a slow tempo plays throughout.<ENDAUDCAP>",/cpfs01/dataset/OpenHumanVid/clips/part_004/16/d5/16d5a758b7ad1baf7b13d4626be95f79,0
"In a dimly lit venue with red curtains, a woman with short, curly brown hair and a metallic patterned top stands singing into a microphone. Behind her, a red neon sign spells out 'Sweetwater'. Below and to her left, a man with dark curly hair can be seen faintly in the background. She sings, <S>I decided long ago, never to walk in any one's sha<E> <AUDCAP>A clear, soulful female voice sings with an open-mouth vocalization, accompanied by soft jazz music featuring piano, bass, and drums in the background.<ENDAUDCAP>",/cpfs01/dataset/OpenHumanVid/clips/part_016/5c/84/5c84cdb96a48c10bb427522cf97b5549,0
"In the dimly lit forest, a single male figure, dressed in ornate, intricately patterned attire, stands with a serious expression, his dark hair styled in a traditional manner with a decorative element on top. He holds a small glowing object in his raised hands, his deliberate movements exuding an air of mystery and contemplation amidst the dark, shadowy forest surroundings. <AUDCAP>Dramatic orchestral background music with string instruments and subtle percussive accents. A soft, magical shimmering sound effect is present.<ENDAUDCAP>",/cpfs01/dataset/OpenHumanVid/clips/part_016/b7/27/b727cdc31fa4de9af4a861426d5d7cc1,0
"A woman in a brown and white patterned sweater sits on a bus, holding a child with a red bow in her hair on her lap. To her right, a man in a striped shirt and white turtleneck sits, looking forward. The bus seats are blue and white. Sunlight streams in through the windows on the right side of the bus. <AUDCAP>Gentle, contemplative background music plays throughout, accompanied by a subtle hum of the bus engine.<ENDAUDCAP>",/cpfs01/dataset/OpenHumanVid/clips/part_007/24/ca/24caa3a8d013139c4145dd04293e1a92,0
"A bald, older man with a wrinkled face, wearing a dark jacket over a grey t-shirt, looks down with a serious and pensive expression. His eyes then subtly lift. <S>A crusty old Admiral, who if I understand it correctly, is now a<E> <AUDCAP>A clear, deep male voice speaks slowly and seriously. A low, melancholic musical score plays subtly in the background, accompanied by a faint ambient drone.<ENDAUDCAP>",/cpfs01/dataset/OpenHumanVid/clips/part_004/16/06/1606d74ebde095cee9f5675eac2ef080,0
"In a hospital room with blue curtains, a young man in a light blue t-shirt leans over a young woman lying in a bed with blue sheets. He gently touches her head while gazing at her with a tender expression. She looks up at him. In the background, there is a blue thermos and a vase with light blue flowers. <AUDCAP>Gentle, emotional orchestral music features soft piano and strings, creating a tender and slightly melancholic atmosphere. A very faint, soft vocal sound, almost like a sigh, is heard at the beginning.<ENDAUDCAP>",/cpfs01/dataset/OpenHumanVid/clips/part_007/a6/eb/a6ebc1b21972cefee762de9a6050417a,0
"The video shows two individuals, a man with a light skin tone wearing a checkered shirt and a woman with reddish-brown hair and a blue floral blouse, engaged in a serious conversation in a vintage-style room with a brass lamp and patterned window, the woman's concerned expression suggesting a thoughtful discussion. She asks, <S>Really?<E> And then, <S>You said it upset you.<E> <AUDCAP>A clear female voice speaks with a questioning and slightly serious tone. Gentle, melancholic instrumental music plays softly in the background.<ENDAUDCAP>",/cpfs01/dataset/OpenHumanVid/clips/part_006/83/d8/83d8f10613f2bc17fe94cac8c381d8c6,0
"A group of people are seen inside an elevator with dark, reflective walls. On the far left, a man's back and the side of his head are visible, wearing a dark suit. To his right, a woman with long dark hair wears a light pink ruffled blouse. Next to her, another woman with dark hair and bangs wears a light blue button-up shirt. On the far right, a woman with shoulder-length dark hair wears a light beige button-up shirt with front pockets and matching high-waisted bottom, carrying a black shoulder bag. All individuals maintain neutral expressions. A male vocalist sings in the background, <S>it is love.<E> <S>love is love.<E> <S>and she is love.<E> <AUDCAP>A male vocalist sings in English with a soft, melodic pop or acoustic ballad playing as background music. The male voice is clear and gentle, accompanied by instrumental music.<ENDAUDCAP>",/cpfs01/dataset/OpenHumanVid/clips/part_013/e0/1e/e01efffce29f92af63765427bdf8d1aa,0
"The video shows two individuals, a woman with short, curly hair and a man in a military uniform, in a formal, indoor setting with classic decor and framed pictures on the walls, as they engage in a serious conversation or moment of contemplation. The woman, dressed in a dark dress with a lace collar, appears concerned. The man, with gray hair and a military-style uniform, stands with his back to the camera and says, <S>But I think we should start to prepare.<E> The woman responds, <S>Isabelle doesn't.<E> <AUDCAP>A calm, serious male voice speaks. A concerned female voice responds. Subtle, dramatic orchestral music plays in the background.<ENDAUDCAP>",/cpfs01/dataset/OpenHumanVid/clips/part_010/9e/1c/9e1cbf1d38e53ba932c851c5bc55f8a1,0
"The video shows a woman with dark hair pulled back into a ponytail, wearing a light pink blazer over a yellow blouse and a green apron. She has a pensive expression, looking downwards and to her left. She wears small pearl earrings. The setting appears to be a dimly lit indoor space, possibly a kitchen, with soft, warm lighting. <AUDCAP>Gentle, melancholic orchestral music featuring strings and piano plays throughout.<ENDAUDCAP>",/cpfs01/dataset/OpenHumanVid/clips/part_013/04/1a/041a00fc2eef278b96f04884a71f2635,0
"A man in a suit and tie stands outside a building with a sign that reads 'MARAIS SAVINGS & LOAN'. He opens the door and goes inside. The camera then focuses on the building's facade, revealing the sign also features Chinese characters below the English text. <AUDCAP>Melancholic, slightly suspenseful orchestral music plays throughout. A subtle sound of a door opening is heard.<ENDAUDCAP>",/cpfs01/dataset/OpenHumanVid/clips/part_016/7f/b3/7fb3ddbb0eb419bf1c0ce9821e4a3ad0,0
"The video shows a single individual, a middle-aged man with a light skin tone and bald head, seated in a formal office setting, dressed in a dark pinstripe suit, white shirt, and dark tie. Initially, he sits in contemplation with his hand near his chin, then looks up and states, <S>I think the carrot and stick tactic is better.<E> The office backdrop features a window with white curtains and an American flag, exuding a sense of professionalism and seriousness. <AUDCAP>A clear, articulate male voice speaking with a serious, thoughtful tone. Subtle, reflective background music is present throughout.<ENDAUDCAP>",/cpfs01/dataset/OpenHumanVid/clips/part_016/b7/3b/b73b7d006cbc2117f70e2764bd7ddb0c,0
"The video shows two individuals, a man and a woman, in the rain, both dressed in dark attire, with the man displaying a stern expression. The woman is seen from behind initially, then turns to face the camera, revealing a serious expression. In the background, a third person stands near an open car hood, holding a lantern, amidst a dimly lit and rainy nighttime setting that exudes a somber and dramatic atmosphere. <AUDCAP>The prominent sound of heavy rain is heard, accompanied by an ominous and dramatic musical score that builds. A distinct click sound is also present.<ENDAUDCAP>",/cpfs01/dataset/OpenHumanVid/clips/part_006/8b/e1/8be1bc2f5833e3f03c6601a96b18bce0,0
"The video features a single individual, a young man in his twenties with dark hair and light skin, sitting in a dimly lit indoor setting, likely a bar or lounge. He is dressed in a white, long-sleeved shirt with a few undone buttons. He picks up a glass of dark-colored whiskey, sips it, and then places it back down, maintaining a calm demeanor. In the background, there are blurred reflections of lights and other people. <AUDCAP>Melodic instrumental background music, with a smooth, slightly melancholic feel. No speech is present.<ENDAUDCAP>",/cpfs01/dataset/OpenHumanVid/clips/part_010/35/9a/359ac81e164d35f109915f79592c7b8d,0
"The video features a woman with long, curly blonde hair, adorned with a purple halter-neck top, large gold earrings, and a multi-strand gold necklace. She has bold eye makeup and bright red lipstick. She smiles broadly, looking slightly to her left, with a lively and expressive demeanor. The background is a large scenic backdrop depicting a coastal city with numerous buildings and boats on a body of water. She states, <S>My friend, the fame producer, Herbert Hayes just finished shooting his movie, Coco Nuts.<E> <AUDCAP>A clear, articulate female voice speaking with a lively and enthusiastic tone. Background music, featuring a light, somewhat exotic orchestral arrangement with percussive elements, plays throughout.<ENDAUDCAP>",/cpfs01/dataset/OpenHumanVid/clips/part_005/4c/72/4c723b180a15b94dca894e67e51fe2e6,0
"A single woman, likely in her thirties, with long dark hair and fair skin, dressed in a black leather jacket and a red pendant necklace, stands upright in a dimly lit indoor setting with green and blue bokeh lights. She says, <S>We didn't have a lot of support, but<E> <S>at least we had each other.<E> <AUDCAP>A female voice speaks in a reflective, slightly sad tone. Gentle, melancholic background music plays, consisting of a sustained synth pad sound.<ENDAUDCAP>",/cpfs01/dataset/OpenHumanVid/clips/part_016/0e/99/0e99e5dd6c7422ba11f905aab0f53221,0
"A man in a gray jacket and pants runs towards a person lying on a wet street in a white bathrobe, then kneels beside them, looking distressed. Two other men in casual clothing walk in the background, observing the scene. A large beige truck is parked further up the street, and apartment buildings line the background under an overcast sky. The kneeling man says, <S>Ich war zu schwach.<E> He then adds, <S>Ich kann nicht wieder gut.<E> <AUDCAP>A male voice speaks in German, sounding distraught and soft. The background features the consistent sound of dripping water, indicative of a rainy or wet environment. No music is present.<ENDAUDCAP>",/cpfs01/dataset/OpenHumanVid/clips/part_009/e9/ab/e9ab9a7b27238b53477f1ed9ff934526,0
"A single woman in her thirties with dark hair and light skin tone is seen in a dimly lit indoor setting, likely a room or office, speaking on her phone with a relaxed posture and casual demeanor. She is dressed in casual attire, with the warm glow of a lamp casting a soft light on her features, creating a calm and intimate ambiance. <AUDCAP>Soft, melancholic instrumental music plays subtly in the background.<ENDAUDCAP>",/cpfs01/dataset/OpenHumanVid/clips/part_015/d0/74/d07468cdbd42068401fbb6730df92fb8,0
"The video shows a single man in a formal suit standing confidently in the foreground, surrounded by a line of several stern-looking police officers in dark uniforms, in a warm and formal indoor setting with wooden paneling and a chandelier. The man, with a neatly styled haircut and well-groomed beard, initially smiles, then his expression turns serious as he states, <S>You'll find out on your own.<E> He then turns his head slightly, showing his back to the camera. The officers, who are all dressed in their official attire, maintain serious expressions. <AUDCAP>A male voice speaks clearly and gravely. Background music featuring string instruments and subtle percussion is present throughout the scene.<ENDAUDCAP>",/cpfs01/dataset/OpenHumanVid/clips/part_016/8a/3f/8a3fd934e6a729ff8500a7e3bd7b94c8,0
"The video features two individuals, both in their twenties with dark hair and light skin tone, standing next to a classic black car with a red interior. They are dressed in formal attire; one person wears a dark coat with a yellow collar, and the other wears a dark shirt. The scene is an urban setting with city buildings and street lights illuminated by evening or night-time artificial lighting. <AUDCAP>A calm, melancholic instrumental music plays in the background. The music features a piano melody, gentle strings, and light percussion, creating a reflective and somewhat somber atmosphere. There are also faint ambient sounds of a city street.<ENDAUDCAP>",/cpfs01/dataset/OpenHumanVid/clips/part_009/3d/b3/3db3d4463af3854220638717e8f2a9a9,0
"The video features three men in traditional Japanese attire within a serene setting. In the foreground, a man with a ponytail, dressed in a grey kimono and a brown fur vest, walks slowly towards the camera with a pensive expression. Behind him, on a wooden porch, two other men are seated calmly. One wears a green kimono and the other a blue and white striped kimono. The background includes a traditional wooden house, a stone in the foreground, green plants, and delicate pink cherry blossoms. The man in the foreground is addressed as <S>Genzaburo.<E> and then as <S>Genjiro.<E> <AUDCAP>A male voice speaks two names with a serious, slightly strained tone. Gentle, traditional Japanese instrumental music plays softly in the background.<ENDAUDCAP>",/cpfs01/dataset/OpenHumanVid/clips/part_011/39/49/3949fcc472afcac4e182989221481497,0
"A well-dressed man in a dark formal suit and long coat walks confidently down a dimly lit corridor lined with stone columns. The atmosphere is serious, and his steady pace suggests a purposeful journey through what appears to be a government or corporate building. <AUDCAP>Dramatic, suspenseful instrumental music plays throughout.<ENDAUDCAP>",/cpfs01/dataset/OpenHumanVid/clips/part_003/19/ee/19ee1a10f7ff727b343c0c9263105eaf,0
"A blonde-haired woman, wearing a white top, blue jeans with cuffed hems, and brown ankle boots, is crouched in a greenhouse or garden, tending to a small potted plant on the red mulch floor. Numerous potted plants, some with flowers, and gardening supplies are arranged around her on a white table and shelves, against a backdrop of vibrant greenery. A person, mostly obscured, enters the frame from the right. The woman looks up towards them with a slightly surprised and warm expression, and says, <S>You're here.<E> <AUDCAP>Gentle, warm background music plays. A female voice speaks with a soft, slightly surprised and warm tone.<ENDAUDCAP>",/cpfs01/dataset/OpenHumanVid/clips/part_015/fc/98/fc986ab4a20cc817f4a12eafd1127ce4,0
"A man walks past a cardboard cutout of a man in a lab coat holding a stethoscope to a tire. Another man stands nearby. The first man asks, <S>So, is this Georgie?<E> The second man replies, <S>Yes.<E> The second man then questions, <S>And what is he even using that stethoscope to listen to?<E> The first man responds, <S>I don't know.<E> They are in a tire store with many tires on shelves and wheel rims on the wall. <AUDCAP>Male voices conversing in a dry, direct manner, with a light, amused tone. Faint laughter from an unseen audience is present in the background.<ENDAUDCAP>",/cpfs01/dataset/OpenHumanVid/clips/part_006/3f/24/3f2404ca4b52a242f7a826cb99beb756,0
"A young adult with dark, curly hair and glasses, wearing a denim jacket and a watch, is seated at a modern office desk. They are focused on their work, interacting with papers and a pen, with a computer, phone, and lamp visible. The bright office, featuring a large window with a city view, creates a professional atmosphere. <AUDCAP>Calm, instrumental background music, accompanied by the sounds of paper rustling and an object hitting the desk.<ENDAUDCAP>",/cpfs01/dataset/OpenHumanVid/clips/part_003/b0/01/b0010bd3a59e4d22ab3a407279e88378,0
"A young woman, wearing a white headband with a black scalloped edge and a grey blazer, takes a bite of a white steamed bun. Her dark hair is pulled back, with some strands framing her face. Her expression is pensive, and she looks down at the bun she's eating. The background is blurred with cool blue lighting, suggesting an indoor setting. <AUDCAP>Soft, melancholic instrumental music with a contemplative melody plays in the background. A subtle chewing sound is heard as the woman bites the pastry.<ENDAUDCAP>",/cpfs01/dataset/OpenHumanVid/clips/part_014/2e/bd/2ebdc2556924b7e3c982947ef1dd65c4,0
"The video shows two individuals, a man and a woman, engaged in a serious and focused interaction in front of a vibrant red background with white cross shapes and Japanese characters. The man is dressed in a beige coat over a white shirt and gray tie, with black hair and a serious expression as he looks at the woman. The woman, with her back largely to the camera, wears a black top and has long, dark, wavy hair, looking towards the man. The man makes a slight vocalization. <AUDCAP>Melancholic and dramatic orchestral music plays in the background. A soft male vocalization is heard.<ENDAUDCAP>",/cpfs01/dataset/OpenHumanVid/clips/part_016/cf/39/cf397896fcb92ae6f3b771f0461b312a,0
"The video shows a woman, likely in her mid-to-late 20s, seated in a vintage-style room with floral decor, wearing a long-sleeved, orange dress and styled dark hair, as she sits in contemplation with her head bowed, surrounded by a serene atmosphere with natural light and a single yellow rose on the table. <AUDCAP>Soft, calm, orchestral music plays throughout, creating a serene atmosphere.<ENDAUDCAP>",/cpfs01/dataset/OpenHumanVid/clips/part_003/c9/50/c9506bbd2f718927fe5852020dde3ace,0
"In a modern, futuristic room with a curved ceiling and abstract wave-like designs on the walls, three individuals are seen. A young man in a gray suit sits on a bed on the left. A middle-aged man in a patterned shirt stands in the middle, and a woman in a white tracksuit stands on the right. The man in the patterned shirt says, <S>dition deck.<E> He then adds, <S>Yeah, there we go.<E> He continues, <S>Oh, okay, I have an observation.<E> The woman then states, <S>And we don't even need to go to a deck for it.<E> She then says, <S>We paid for a space cruise.<E> The seated man then responds, <S>Well, okay. I mean, you say paid.<E> The man in the patterned shirt then says, <S>Oh.<E> <AUDCAP>Conversational speech from a young male, a middle-aged male, and a female. The male voices are clear and distinct, with the middle-aged male having a slightly higher pitch, and the young male a deeper tone. The female voice is clear and expressive, conveying a slightly amused or exasperated tone. No background music or significant sound effects are present, indicating a quiet indoor setting.<ENDAUDCAP>",/cpfs01/dataset/OpenHumanVid/clips/part_004/96/fe/96fe6d48b265ceb28ca0c49e8a740366,0
"A single man, dressed in traditional Chinese attire featuring a phoenix crown and an intricately embroidered orange robe, sits solemnly on an ornate throne, his serious expression dominating the scene. The regal atmosphere is underscored by the throne's grandeur and the man's dignified appearance, set against a consistent and unchanging backdrop. <AUDCAP>A distinct chime sound is heard, followed by a sustained dramatic musical tone and atmospheric sounds. Dramatic background music is present throughout.<ENDAUDCAP>",/cpfs01/dataset/OpenHumanVid/clips/part_016/fc/b1/fcb1fe2c5dbc9d286adb108df792ddca,0
"The video shows a man, in his forties with dark hair and light skin, seated in a cozy indoor setting with a patterned wall and a lamp. He wears a dark shirt and a necklace under a fedora hat. He looks up thoughtfully, then down, and speaks, <S>I was girl cop.<E> He looks up again, then down, and says, <S>I was Cobra.<E> With a reflective expression, he asks, <S>What if I can't just be me?<E> He continues, <S>What if I need a ridiculous premise just to be any good?<E> The subdued lighting creates a calm and intimate atmosphere.<AUDCAP>A clear, articulate male voice speaking with a reflective and slightly questioning tone, accompanied by subtle, melancholic instrumental background music.<ENDAUDCAP>",/cpfs01/dataset/OpenHumanVid/clips/part_013/99/c1/99c1a456c91c58afe5fde77f1a14a3cd,0
"A woman with short, dark hair and a sleeveless, plaid dress walks on a sidewalk at night, smiling brightly. She is surrounded by an urban setting, with a red and white structure and a yellow sign in the background. Another person, out of focus, is partially visible in the foreground, facing away, under the glow of artificial lighting.<AUDCAP>Gentle, cheerful background music is playing.<ENDAUDCAP>",/cpfs01/dataset/OpenHumanVid/clips/part_015/3c/09/3c098ab0977ffc3b99f49a575be193ef,0
"A man in a dark suit jacket, black shirt, and a red tie with a decorative brooch puts on dark sunglasses. He looks to the side, then directly forward, and then moves out of the frame. <AUDCAP>Soft, instrumental background music with a light, melodic feel is present throughout the video.<ENDAUDCAP>",/cpfs01/dataset/OpenHumanVid/clips/part_016/d1/87/d187a1b32208f7c7ebc5e4c073e649a3,0
"A young woman with fair skin and light brown hair, wearing a fur-lined garment, is shown in a close-up, looking upwards with a contemplative expression. The setting appears to be a dimly lit indoor space, with a soft light source illuminating her face from the side. She speaks, <S>According to the will of our God and Father, to whom be glory forever and ever.<E> <AUDCAP>A clear, gentle female voice speaks with a solemn and reflective tone. Soft, melancholic piano music plays in the background, providing an ethereal and slightly sorrowful atmosphere.<ENDAUDCAP>",/cpfs01/dataset/OpenHumanVid/clips/part_016/43/58/43588b54e47f9e2a691c895a005d1ea3,0
"In a vibrant, otherworldly forest with glowing blue feather-like trees, a bearded man with a topknot and a woman with long, braided hair featuring a white streak stand together, both wearing simple attire and teal necklaces. The woman looks surprised, then smiles and says, <S>Oh, they speak beautifully.<E> The man looks apologetic, then smiles, bringing his hands together in a prayer-like gesture, and says, <S>Oh, forgive our condescension, friend. I'm Phil.<E> The woman smiles and touches her chest, saying, <S>And I am Hope.<E> They both gesture with their hands towards themselves and say, <S>And we are the Bettermans.<E><AUDCAP>A clear, articulate female voice speaks with surprise, then a friendly, warm tone. A clear, articulate male voice speaks with an apologetic, then friendly and warm tone. Both voices are cheerful. Light, whimsical orchestral music plays in the background throughout the scene, accompanied by subtle magical sound effects during their introductions.<ENDAUDCAP>",/cpfs01/dataset/OpenHumanVid/clips/part_008/28/1b/281bec148e5cd4e6698b739437d40af7,0
"A young man, dressed in traditional attire including a black hat with gold and red accents and a red robe with gold patterns over a black and gold garment, stands with a serious and pensive expression. He is in a dimly lit room with wooden windows and some potted greenery in the background. He slowly looks down briefly before looking up again. <AUDCAP>Calm, ambient instrumental music with a light, melodic tune plays throughout.<ENDAUDCAP>",/cpfs01/dataset/OpenHumanVid/clips/part_014/fd/c6/fdc69795aea9f6990326a6a526b9af98,0
"The video shows two young adults, a light-skinned male with dark hair and a slightly darker-skinned female with dark hair, engaged in a conversation in a rustic barn-like setting filled with hay, dried plants, and farming tools. The male, dressed in dark clothing, is crouched down beside the female, who is seated on the ground in a light-colored jacket and white pants, as they discuss something with a relaxed and attentive demeanor. <AUDCAP>The sounds of chicks chirping and ducks quacking are audible.<ENDAUDCAP>",/cpfs01/dataset/OpenHumanVid/clips/part_007/d1/87/d187e8a7bc1c692136b30478469b1f8e,0
"In a modern office setting, two individuals, a man in a dark suit and a woman in a black top, stand side by side, looking attentive with serious expressions. The blurred background shows glass partitions and a reception area, while soft, ambient lighting creates a contemplative mood. The woman says, <S>You said he was going to fix it.<E> The man replies, <S>I thought he would.<E> <AUDCAP>A calm, slightly dramatic orchestral score plays softly in the background. A clear, slightly somber female voice speaks, followed by a clear, slightly somber and regretful male voice.<ENDAUDCAP>",/cpfs01/dataset/OpenHumanVid/clips/part_006/38/fd/38fd480c7c2875042e240902622448bb,0
"The video features three young men, all in their twenties, dressed in dark blue uniforms with badges and insignia, standing and sitting in an indoor setting, likely an office or meeting room. They are engaged in a serious discussion, with one standing upright and the other two displaying focused expressions, their fair skin and black hair visible as they wear their structured uniforms with epaulettes and name tags. <AUDCAP>Calm, slightly melancholic instrumental music with strings and piano.<ENDAUDCAP>",/cpfs01/dataset/OpenHumanVid/clips/part_013/c7/25/c7257adbd8bb352c210a3151d833e0ca,0
"The video shows a young male with short black hair and a neutral skin tone, dressed in a dark jacket over a gray turtleneck, looking to his side, then down in a calm outdoor setting with a white building and greenery. The individual's subtle movements and contemplative posture, set against a well-lit daytime backdrop, create a peaceful atmosphere.<AUDCAP>A melancholic piano melody plays.<ENDAUDCAP>",/cpfs01/dataset/OpenHumanVid/clips/part_016/d4/25/d425f3ebc05e22d7aafa543ed8dd03dd,0
"The video shows a single person, a woman, dressed in a distinctive red garment with a large white bonnet, standing upright in a natural outdoor setting, possibly a park, surrounded by greenery under daylight. The character's light skin tone and blue eyes are visible beneath the hood, exuding a calm and composed presence with a serious expression. A female voice says, <S>Ugly place.<E> Then continues, <S>But we cannot wish that ugliness.<E> And then, <S>Away.<E> <AUDCAP>A slow, somber female voice speaks clearly. A low, sustained, atmospheric musical score plays in the background, creating a reflective and slightly melancholic mood.<ENDAUDCAP>",/cpfs01/dataset/OpenHumanVid/clips/part_002/e3/28/e32832db71ce7446bfc10dcc2eab456e,0
"The video features two healthcare professionals, a male and a female, dressed in medical scrubs, standing in a neutral-colored indoor setting, likely a medical facility. They are both wearing surgical caps, gowns, and masks, and appear to be in a moment of focused stillness, with the male leaning forward and the female looking to the side. A female voice sings, <S>the for me<E> The male then hums, <S>Hmm.<E> <AUDCAP>Gentle and reflective piano music plays throughout. A soft, clear female voice sings in English, followed by a low, thoughtful male hum.<ENDAUDCAP>",/cpfs01/dataset/OpenHumanVid/clips/part_005/f7/e2/f7e237b55b316bb3d5784742ad458bc7,0
"In a dimly lit bar setting, two women are engaged in conversation. One woman, with long blonde hair tied back and wearing a black and white patterned top, stands with her back partially to the camera, facing the other woman. The second woman, with dark wavy hair and wearing a dark, shiny sleeveless dress and a delicate silver necklace, faces the camera, smiling and gesturing with her hands as she speaks. She says, <S>No, I don't love him, but like, I love him, and my parents made some<E> In the background, other patrons and a bar counter with bottles are visible. <AUDCAP>A clear, conversational female voice, initially a bit explanatory, then softening with affection. Background sounds include indistinct chatter, ambient music, and general bar noise, suggesting a lively social environment.<ENDAUDCAP>",/cpfs01/dataset/OpenHumanVid/clips/part_004/a0/df/a0df2044013b4646916cbb17bd802fcf,0
"The video shows a single male figure standing upright in a dimly lit, indoor setting, with a serious expression and dark hair, as he stands still amidst a dark and indistinct background that adds to the somber and introspective mood. <S>But with you<E><AUDCAP>A clear, gentle female voice sings softly with a melancholic tone, accompanied by acoustic guitar music and subtle percussion.<ENDAUDCAP>",/cpfs01/dataset/OpenHumanVid/clips/part_006/01/bf/01bf77c3c3c287ef940451d622205716,0
"A white hand holds up a polaroid photo, showing a woman in a dark coat and striped scarf, and a man in a grey hoodie and dark vest holding a box. They are standing outdoors at night, in front of a tree decorated with twinkling blue lights. The scene then transitions from the photo to the live action, as gentle snowflakes begin to fall. The man looks towards the woman, who appears to be looking down or away from him. Behind them, a large archway adorned with bright, warm lights is visible, further illuminating the festive outdoor setting. The box the man holds has Korean text on it. <AUDCAP>Gentle, melancholic piano music plays softly throughout, accompanied by the subtle sound of falling snow.<ENDAUDCAP>",/cpfs01/dataset/OpenHumanVid/clips/part_013/40/63/40632cc9d8ca7dacd7c0f7495333c162,0
"The video shows two individuals, both with long blonde hair, navigating a dense forest with caution. One, wearing an orange vest over camouflage and carrying a crossbow on her back, briefly crouches then stands, while the other holds a coiled rope and wears camouflage overalls. The forest setting, with tall trees, ferns, and underbrush, is bathed in soft, diffused light, creating an atmosphere of quiet intensity as they move deliberately through the woodland. The woman with the crossbow asks, <S>Still a while?</E> The woman with the rope then asks, <S>How long will it take?</E> The woman with the crossbow replies, <S>Maybe ten minutes.<E> The woman with the rope then states, <S>Maybe ten hours.<E> The woman with the crossbow points and says, <S>This way.<E>",/cpfs01/dataset/OpenHumanVid/clips/part_010/d1/da/d1da57e7b4181ea6f1b3377598ce6621,0
"In a bright and sunny traditional East Asian village setting, a group of about 10-12 individuals, dressed in colorful, layered traditional attire, walks with upright postures in a coordinated procession. They emerge from under a wooden archway, moving towards a majestic, multi-tiered wooden building with tiled roofs and ornate decorations in the background, suggesting a formal and purposeful journey. <AUDCAP>Faint, indistinct ambient background sound, very low in volume.<ENDAUDCAP>",/cpfs01/dataset/OpenHumanVid/clips/part_013/2e/19/2e19296d56102c1c9a4c5f1fc023912d,0
"The video shows a single woman in her thirties, dressed in a light-colored vintage dress and hat, posing and moving around a well-lit, ornate room with classic wooden furniture and a chandelier, surrounded by elegant decor and period-specific items such as a wooden cabinet and a desk with a briefcase and clock. <AUDCAP>A gentle, calm, and soothing instrumental melody, sounding like a melancholic piano piece.<ENDAUDCAP>",/cpfs01/dataset/OpenHumanVid/clips/part_012/4b/e0/4be0c6a7224ceceac3443fde3fcc41e7,0
"The video shows a man with short, light brown hair and fair skin, likely in his late 30s or early 40s, wearing a dark red jacket over a light collared shirt. He is outdoors, with blurred green trees and a house in the background, and appears to be in conversation with someone off-camera, looking slightly to his left with a thoughtful expression. He says, <S>Take it from me, man.<E> He continues, <S>You don't want to leave things unfinished.<E> <AUDCAP>A clear, serious male voice speaks. Gentle, melodic background music featuring acoustic guitar and a male vocalist is present.<ENDAUDCAP>",/cpfs01/dataset/OpenHumanVid/clips/part_014/ac/e9/ace9ddbb0926823eddf66761df2d4978,0
"In a softly lit indoor setting with a blurred background of bright lights, a man with dark hair, wearing a dark jacket over a purple shirt and a necklace with a pendant, looks intently at a woman. Only the back of the woman's head and her profile are visible; she has dark hair and wears a red top, her gaze directed towards the man.<AUDCAP>A sustained, melancholic musical piece featuring piano and string elements is playing.<ENDAUDCAP>",/cpfs01/dataset/OpenHumanVid/clips/part_005/bd/04/bd04f249820edc65f11cabc5ebdea4f8,0
"A woman in her thirties with dark hair and light skin tone is seen standing in a clinical environment, wearing a white hoodie and blue jacket, engaged in a conversation with someone off-camera as she stands near medical equipment, including an IV stand, with a red object in the background adding a splash of color to the neutral setting. She looks emotional, with tears in her eyes, and says, <S>I don't know why.<E> She pauses, then continues, <S>But I feel like I can trust you.<E> <AUDCAP>A soft, emotional female voice speaks with a slightly tearful tone. Gentle, melancholic background music plays throughout.<ENDAUDCAP>",/cpfs01/dataset/OpenHumanVid/clips/part_008/5f/ab/5fab2b1935eeb67287fcc39500d72812,0
"The video shows a woman with light-colored hair, possibly blonde, seated in the driver's seat of a car, wearing a red top and a seatbelt. She looks straight ahead with a contemplative expression, then glances slightly downwards. The car's interior is bathed in warm, hazy sunlight streaming through the windows, creating a soft glow. In the visible back seat, a jacket or bag is draped over a seat, contributing to a peaceful and somewhat reflective atmosphere. <AUDCAP>Melancholic and ethereal music, possibly synth-based with subtle string-like elements, plays throughout, creating a slightly ominous or thoughtful mood. No speech or distinct sound effects are present.<ENDAUDCAP>",/cpfs01/dataset/OpenHumanVid/clips/part_010/c5/ac/c5ac3d94dc9b5e08401e45bc28eaf98b,0
